address,suburb,state,postcode,latitude,longitude,asset_type,operator,sale_price_aud,sale_date,nla_sqm,site_area_sqm,price_per_sqm,yield,purchaser,vendor,comments,source_report,source_page
"12 Highfield Road","Lindfield","NSW","2070",-33.7751,151.1684,"Childcare Centre","Guardian Early Learning",4850000,"2024-03-15",520,1050,9327,5.85,"Charter Hall","Goodstart Early Learning","Purpos[...]
"45 Bunney Road","Oakleigh","VIC","3166",-37.8975,145.0932,"Childcare Centre","G8 Education",3950000,"2024-01-22",480,900,8229,6.10,"Centuria Capital","G8 Education Ltd","Long WALE of 12 years rema[...]
"7 Progress Street","Mawson Lakes","SA","5095",-34.8089,138.6198,"Childcare Centre","Nido Early School",3250000,"2023-11-08",440,850,7386,6.35,"Private Investor","Nido Early School Group","Recently[...]
"33 Gowan Road","Stafford","QLD","4053",-27.4098,153.0129,"Childcare Centre","Camp Australia",4100000,"2023-12-05",510,980,8039,5.95,"Primewest","Camp Australia Holdings","Freestanding centre on co[...]
"100 Wises Road","Maroochydore","QLD","4558",-26.6603,153.0613,"Childcare Centre","Goodstart Early Learning",5250000,"2024-02-28",600,1200,8750,5.75,"Folkestone","Goodstart Early Learning","Strong [...]
"55 Hawker Street","Brompton","SA","5007",-34.8877,138.5695,"Childcare Centre","KU Children's Services",2900000,"2023-09-14",420,780,6905,6.50,"Private SMSF","KU Children's Services","Inner-city in[...]
"18 Holbeche Road","Arndell Park","NSW","2148",-33.7893,150.8620,"Childcare Centre","Affinity Education",3750000,"2023-10-20",465,920,8065,6.20,"Dexus","Affinity Education Group","Western Sydney in[...]
"2 Brookwater Drive","Brookwater","QLD","4300",-27.6529,152.8680,"Childcare Centre","C&K",4600000,"2024-04-10",555,1100,8288,5.90,"Aventus Group","C&K Association","Master-planned estate anchor. Pu[...]
"67 Ashley Street","Braybrook","VIC","3019",-37.7971,144.8575,"Childcare Centre","Only About Children",3400000,"2023-08-30",450,860,7556,6.25,"Newmark Capital","Only About Children Pty Ltd","Fully[...]
"9 Narabang Way","Belrose","NSW","2085",-33.7322,151.2140,"Childcare Centre","Montessori Academy",5100000,"2024-05-01",590,1150,8644,5.70,"GIC (Singapore)","Montessori Academy Holdings","Premium n[...]
"120 Holt Road","Taren Point","NSW","2229",-34.0130,151.1400,"Medical Centre","Primary Health Care",6800000,"2024-01-18",780,1300,8718,5.60,"Charter Hall","Primary Health Care Ltd","Mixed medical [...]
"38 Brickworks Drive","Torrensville","SA","5031",-34.9241,138.5502,"Medical Centre","Bupa Medical Visa Services",5500000,"2023-07-25",650,1050,8462,5.80,"Elanor Investors","Bupa Australia","Anchor[...]
"21 Nexus Court","Mulgrave","VIC","3170",-37.9272,145.1633,"Medical Centre","Healthscope",7200000,"2023-11-30",890,1450,8090,5.55,"NorthWest Healthcare","Healthscope Ltd","Specialist medical suite[...]
"5 Meridian Place","Bella Vista","NSW","2153",-33.7233,150.9580,"Medical Centre","Sonic Healthcare",5900000,"2024-03-22",710,1100,8310,5.65,"Centuria Healthcare","Sonic Healthcare Ltd","Pathology-[...]
"88 Broadwater Road","Mount Gravatt","QLD","4122",-27.5480,153.0820,"Medical Centre","Healius",4750000,"2023-12-18",580,950,8190,5.95,"HMC Capital","Healius Ltd","GP-anchored with 6 specialist sui[...]
"14 Innovation Parkway","Birtinya","QLD","4575",-26.7800,153.1150,"Childcare Centre","Goodstart Early Learning",5800000,"2024-04-25",640,1250,9063,5.65,"Qualitas","Goodstart Early Learning","Sunsh[...]
"3 Sovereign Drive","Narre Warren","VIC","3805",-38.0245,145.2881,"Childcare Centre","Guardian Early Learning",3600000,"2024-02-05",470,930,7660,6.15,"Private Investor","Guardian Early Learning Gr[...]
"77 Milperra Road","Revesby","NSW","2212",-33.9451,151.0129,"Childcare Centre","G8 Education",3100000,"2023-06-28",410,800,7561,6.40,"Private SMSF","G8 Education Ltd","Older style converted dwelli[...]
